AC Fuels Ltd               ,"info@acfuels.com,la@acfuels.com"
Attard Services Ltd (MBBSL),"kattard@asl-shell.com,georatta@asl-shell.com"
Cassar Fuel Ltd            ,"info@cassarfuel.com,sales@cassarfuel.com"
Falzon Group of Companies  ,"jvf@falzongroup.com,bunkering@falzongroup.com"
Go Fuels Ltd               ,"sales@gobunker.com,bunkers@gofuels.net"
Island Bunker Oils Ltd     ,info@islandbunkeroils.com
M.Y. Bunkers               ,mail@mybunkers.com
M.Y.Bunkers (Malta)        ,"malta@mybunkers.com,mail@mybunkers.com"
Macoil International SA    ,"info@macoil.com.gr,bunkers@macoil.com.gr"
San Lucian Oil Co. Ltd     ,bunkering@falzongroup.com
Termoil SA                 ,bunkers@termoil.com