A. Nobel en Zn. Bunkerservice BV          ,"bunkers@anobel.nl,info@anobel.nl                                                           "
Aegean NWE NV (Aegean North-West Europe)  ,"ara.bunkers@ampni.com (sales),ara.operations@ampni.com (operations),www.ampni.com@undefined"
Agaat Bunkering NV                        ,agaat@agaat.com                                                                            
Argos Bunkering BV                        ,bunkering@argosenergies.com                                                                
Atlantic Aardolieproducten Maatschappij BV,"bunkers@atlantic-aardolie.nl,info@atlantic-aardolie.nl                                     "
BP Europa SE - BP Nederland               ,beneluxintfuels@bp.com                                                                     
ExxonMobil Petroleum &amp; Chemical BVBA  ,marine.fuels@exxonmobil.com                                                                
FinCo Bunkering BV                        ,"jzuiddam@fincofuel.com,bunkering@fincofuel.com                                             "
Golden Arrow Olieproducten Amsterdam BV   ,"bunkers@goldenarrow.nl,ijmuiden@goldenarrow.nl                                             "
Gulf Oil Nederland BV                     ,"info@gulf.nl,bunkers@gulf.nl                                                               "
Gulf Petrochem BV                         ,arabunkers@gulfpetrochem.com                                                               
LUKOIL Benelux BV                         ,bunkers@lukoil.nl                                                                          
Maersk Oil Trading (Netherlands)          ,motbunker@maersk.com                                                                       
Maritime Bunkering,info@mbtnv.be                                                                              
Ocean Energy Belgium BVBA                 ,oceanenergy@oceanenergy.mc                                                                 
Oliehandel J Terlouw BV                   ,contactcc@oliehandel-terlouw.nl                                                            
Oliehandel Klaas De Boer BV               ,"urk@klaasdeboer.nl,bunkers@klaasdeboer.nl                                                  "
Petrobras Global Trading BV               ,"rosemery.cruse@petrobras.com,stephanie.oduber@petrobras.com,bunker-pgt@petrobras.com       "
Phoenix Oil Supply B.V.                   ,info@phoenixoilsupply.com                                                                  
Postoils BV                               ,sales@postoils.nl                                                                          
Rotterdam Marine Fuels BV                 ,info@rotterdammarinefuels.com                                                              
SK Energy Europe (Rotterdam)              ,bunker@skenergy.com                                                                        
Shell Trading Rotterdam B.V.              ,gx-str-per-bunkersales@shell.com                                                           
Shenzhen Brightoil Petrochemicals Co. Ltd ,bunkering@bwoil.com                                                                        
Soyuz Bunkering Group Europe BV (SBGE BV) ,"soyuz@sb-group.biz,ara@sb-group.biz                                                        "
Total Marine Fuels Europe                 ,"marine-fuels.europe@totsa.com,marine-fuels.africa@totsa.com                                "
Transcor Energy SA                        ,"transcor@transcor.be,bunker@transcor.be                                                    "
Transmarinefuels BV (TMF)                 ,oosterlee@transmarinefuels.com                                                             
Trefoil Trading BV                        ,bunkers@trefoil.nl                                                                         
V-Marine Fuels BV                         ,"ara@vmarinefuels.com,europe@vmarinefuels.com                                               "